Feature,Importance
attendance,0.717787298201211
training_hours,0.15864428752628554
age,0.04331069837797636
experience,0.039912549753612
projects,0.027565999456584007
department,0.012779166684331031
